{
    "DummyClassifier_MostFrequent": {
        "0": {
            "precision": 0.0,
            "recall": 0.0,
            "f1-score": 0.0,
            "support": 46.0
        },
        "1": {
            "precision": 0.7799043062200957,
            "recall": 1.0,
            "f1-score": 0.8763440860215054,
            "support": 163.0
        },
        "accuracy": 0.7799043062200957,
        "macro avg": {
            "precision": 0.38995215311004783,
            "recall": 0.5,
            "f1-score": 0.4381720430107527,
            "support": 209.0
        },
        "weighted avg": {
            "precision": 0.6082507268606487,
            "recall": 0.7799043062200957,
            "f1-score": 0.683464526418686,
            "support": 209.0
        }
    },
    "LogisticRegression": {
        "0": {
            "precision": 0.38235294117647056,
            "recall": 0.5652173913043478,
            "f1-score": 0.45614035087719296,
            "support": 46.0
        },
        "1": {
            "precision": 0.8581560283687943,
            "recall": 0.7423312883435583,
            "f1-score": 0.7960526315789473,
            "support": 163.0
        },
        "accuracy": 0.7033492822966507,
        "macro avg": {
            "precision": 0.6202544847726325,
            "recall": 0.653774339823953,
            "f1-score": 0.6260964912280702,
            "support": 209.0
        },
        "weighted avg": {
            "precision": 0.7534338177905796,
            "recall": 0.7033492822966507,
            "f1-score": 0.7212394023335851,
            "support": 209.0
        }
    },
    "DecisionTree": {
        "0": {
            "precision": 0.32653061224489793,
            "recall": 0.6956521739130435,
            "f1-score": 0.4444444444444444,
            "support": 46.0
        },
        "1": {
            "precision": 0.8738738738738738,
            "recall": 0.5950920245398773,
            "f1-score": 0.708029197080292,
            "support": 163.0
        },
        "accuracy": 0.6172248803827751,
        "macro avg": {
            "precision": 0.6002022430593859,
            "recall": 0.6453720992264604,
            "f1-score": 0.5762368207623683,
            "support": 209.0
        },
        "weighted avg": {
            "precision": 0.7534059789698887,
            "recall": 0.6172248803827751,
            "f1-score": 0.6500153280791006,
            "support": 209.0
        }
    },
    "RandomForest": {
        "0": {
            "precision": 0.6,
            "recall": 0.1956521739130435,
            "f1-score": 0.29508196721311475,
            "support": 46.0
        },
        "1": {
            "precision": 0.8092783505154639,
            "recall": 0.9631901840490797,
            "f1-score": 0.8795518207282913,
            "support": 163.0
        },
        "accuracy": 0.7942583732057417,
        "macro avg": {
            "precision": 0.7046391752577319,
            "recall": 0.5794211789810616,
            "f1-score": 0.587316893970703,
            "support": 209.0
        },
        "weighted avg": {
            "precision": 0.7632170867656488,
            "recall": 0.7942583732057417,
            "f1-score": 0.7509125228254295,
            "support": 209.0
        }
    },
    "GradientBoosting": {
        "0": {
            "precision": 0.5714285714285714,
            "recall": 0.2608695652173913,
            "f1-score": 0.3582089552238806,
            "support": 46.0
        },
        "1": {
            "precision": 0.8191489361702128,
            "recall": 0.9447852760736196,
            "f1-score": 0.8774928774928775,
            "support": 163.0
        },
        "accuracy": 0.7942583732057417,
        "macro avg": {
            "precision": 0.6952887537993921,
            "recall": 0.6028274206455054,
            "f1-score": 0.6178509163583791,
            "support": 209.0
        },
        "weighted avg": {
            "precision": 0.7646267506289903,
            "recall": 0.7942583732057417,
            "f1-score": 0.7632007223523327,
            "support": 209.0
        }
    }
}