model,cv_accuracy_mean,cv_accuracy_std,cv_balanced_accuracy_mean,cv_balanced_accuracy_std,cv_precision_mean,cv_precision_std,cv_recall_mean,cv_recall_std,cv_f1_mean,cv_f1_std,cv_roc_auc_mean,cv_roc_auc_std
Random Forest,0.7892215568862275,0.01386327772789248,0.5625483204872518,0.022482031381145032,0.8025643116872493,0.007428384585681813,0.9677392836171462,0.010212510959189845,0.8774348639374534,0.008059912330647498,0.8139355033248163,0.05342022442710549
Dummy Classifier,0.7796407185628743,0.0023952095808382977,0.5,0.0,0.7796407185628743,0.0023952095808382977,1.0,0.0,0.876175626511197,0.0015095021806430964,0.5,0.0
K-Nearest Neighbors,0.7844311377245509,0.007574317748906287,0.5789680108764079,0.02467295691024275,0.8096479851055751,0.009640018859881192,0.9462243100411041,0.009786647876296246,0.8725329137037127,0.003870649559877996,0.6541023701329045,0.05153713022345448
Gradient Boosting,0.7820359281437126,0.024131067879772317,0.6298878767199378,0.038759747791096213,0.8328363740547793,0.015491120110285868,0.9016676453317676,0.02459324263116929,0.8656999600486772,0.015664329282340506,0.78435795160986,0.032783591578653036
Neural Network / MLP,0.7712574850299402,0.02407155837394223,0.566963316810645,0.0402636455007866,0.8054181759755625,0.016837793164879756,0.9324251321197886,0.030112502195515065,0.8639373158144924,0.015360394243936747,0.7218400843591685,0.07178360149765314
Decision Tree,0.7568862275449101,0.011106129934725404,0.641710671328992,0.0331308496845386,0.8421707498816889,0.017996762082605818,0.8479859072225485,0.021985579729836908,0.8446455520109911,0.007207110055993572,0.641710671328992,0.0331308496845386
Support Vector Machine,0.7616766467065867,0.028941427481663645,0.7146295532173395,0.05811098898099221,0.8853457334312875,0.03135511473247341,0.7987786259541985,0.013101430899402218,0.8395780985844986,0.017497394612183248,0.8070379951295982,0.047421176705590505
Logistic Regression,0.7221556886227546,0.026939453602879013,0.6989651454155271,0.044361811951814566,0.8848818733601342,0.024307157563354383,0.7404227833235467,0.02110869468194241,0.8060153929611754,0.018539298412374387,0.7762220882068209,0.047934446386666385
